"PositionName","URL","CompanyName","Location"
"Site Reliability Engineer","https://jobs.github.com/positions/43b8b066-a83e-11e6-9dcf-84f334f5295b","Leadpages","Minneapolis, MN"
"Technology Director","https://jobs.github.com/positions/0d726cc4-a7a6-11e6-9666-559aca9a28b4","Gin Lane","New York, NY"
"Software Engineer","https://jobs.github.com/positions/7df87880-a797-11e6-8b0e-8cf870cd4336","Avalara","Durham, NC"
"Software Engineer, Front-End Web","https://jobs.github.com/positions/7978e922-a781-11e6-9907-af5d98bf0bd7","FiftyThree, Inc.","New York, NY"
"Engineering Manager","https://jobs.github.com/positions/fd499b1a-54e9-11e6-82dd-a6dba86e1903","NationBuilder","Los Angeles"
"Senior Software Engineer","https://jobs.github.com/positions/b0b6cbd6-54eb-11e6-92e1-da56d3cb2351","NationBuilder","Los Angeles"
"Senior Mobile Developer ","https://jobs.github.com/positions/e3e06f98-a776-11e6-9052-959cecc9f916","WayBetter Inc.","New York City"
"Senior C++ Software Developer - Risk and Compliance ","https://jobs.github.com/positions/a72392ea-a773-11e6-8adc-b5d6b712795d","Quantlab Financial","Houston, TX"
"Senior C++ Software Developer ","https://jobs.github.com/positions/4966e256-a773-11e6-81c8-8044b45766cc","Quantlab Financial","Jersey City, New Jersey"
"Senior C++ Software Developer ","https://jobs.github.com/positions/cd3cfc7e-a772-11e6-9867-cb39dd682536","Quantlab Financial","Denver, CO"
"IP Software Developer","https://jobs.github.com/positions/50568606-a760-11e6-94be-781dfe9888c1","Ericsson","Budapest"
"Software Developer","https://jobs.github.com/positions/48da201e-a683-11e6-9855-20340b681a45","Samskip","Rotterdam"
"Senior Front End Developer","https://jobs.github.com/positions/9af67d7c-a618-11e6-8842-34e6dcf5caa1","Shippabo","Los Angeles, CA"
"Database Infrastructure Engineer - Elasticsearch","https://jobs.github.com/positions/9c2e79d0-794d-11e6-88c2-c326e04521d1","GitHub","Remote"
"Senior Software Engineer ","https://jobs.github.com/positions/309a94b6-a615-11e6-8e0d-46596a6e8706","Advent Software","San Francisco, CA"
"Software Engineer","https://jobs.github.com/positions/7e51dc7a-a613-11e6-919f-32ba27ee5a07","Advent Software","San Francisco, CA"
"Front-end Engineer","https://jobs.github.com/positions/477cf466-a5d5-11e6-8ab0-0b49f1db2b28","Quovo","New York"
"Sr. iOS Developer","https://jobs.github.com/positions/42e14a90-a5d2-11e6-9bad-c0590158de94","TextNow","Waterloo, Canada"
"Database Administrator","https://jobs.github.com/positions/2079ec90-a5b5-11e6-9beb-925cb4eee321","Independer","Hilversum"
"Front End Developer","https://jobs.github.com/positions/c2dcb40c-1e80-11e6-8328-4bc938e7fbb8","Booking.com","Amsterdam, Netherlands"
"Data Scientist – Machine Learning","https://jobs.github.com/positions/9862547e-526b-11e6-9c98-836c3746873d","Booking.com","Amsterdam"
"Data Scientist – Analytics","https://jobs.github.com/positions/bc0bbfa6-526a-11e6-8092-d5f4dbf20b0f","Booking.com","Amsterdam"
"Senior DevOps / Systems Engineer","https://jobs.github.com/positions/91158df4-a571-11e6-8fa4-06ad773ed87f","Advent Software","Jacksonville, FL"
"Senior Software Engineer - Full Stack","https://jobs.github.com/positions/85bc62ee-a570-11e6-99ba-7541394e0687","Advent Software","Jacksonville, FL"
"Front End Developer","https://jobs.github.com/positions/1eab2014-a56f-11e6-9bf1-22a228be699d","Advent Software","Jacksonville, Fl"
"Senior UX Engineer (Ember, React, Angular)","https://jobs.github.com/positions/bbd5d48a-a531-11e6-9a68-20121022cb5e","Avalara","Seattle"
"Lead UX Engineer","https://jobs.github.com/positions/94d787b2-a530-11e6-8acb-ad1e1d0ed62a","Avalara","Seattle"
"Senior Software Engineer - Ruby (m/f)","https://jobs.github.com/positions/006db11c-a50a-11e6-805b-c8e08eb851b4","foodora","Berlin, Germany"
"CTO/Lead Developer","https://jobs.github.com/positions/42468cfe-a504-11e6-816a-c679dafcda68","CSI Kick Start","los angeles, California "
"Frontend Entwickler","https://jobs.github.com/positions/52b4a514-a502-11e6-9ed8-0db70e93035a","Doozer Real Estate Systems GmbH","Berlin, Germany"
"Full-Stack Engineer (C#, ASP.NET MVC and React)","https://jobs.github.com/positions/a0389ac2-39df-11e6-9bb0-7b3faa3729cc","Kaggle","San Francisco or Remote"
"JavaScript - Front-End Engineer","https://jobs.github.com/positions/e3daabc2-8c4a-11e6-88f5-1b06142d6b69","Canva","Sydney, Australia"
"Java Software Engineer","https://jobs.github.com/positions/898e199a-8c4c-11e6-819e-48918f71dd2a","Canva","Sydney, Australia"
"Ruby on Rails Site Reliability Engineer / Performance Engineer","https://jobs.github.com/positions/28607ddc-a436-11e6-8498-cc516a17a750","Scout","Remote"
"Enterprise Support Engineer (Asia Pacific)","https://jobs.github.com/positions/0b03ac5e-0293-11e6-93a0-2c8e0bfc8518","GitHub","Asia Pacific (Remote)"
"Machine Learning Scientist","https://jobs.github.com/positions/b2f4c9ca-a2de-11e6-935e-b08a86a71db3","Affectiva","Waltham, MA"
"R-developer","https://jobs.github.com/positions/d55be332-a2a1-11e6-955f-8a59b3826cd4","Delta Lloyd","Amsterdam"
"Senior Game Engine Programmer (Networking)","https://jobs.github.com/positions/6986f374-a263-11e6-8a16-cb99c0f3f269","Streamline Studios Sdn Bhd","Bangsar South, Kuala Lumpur"
"Game Programmer","https://jobs.github.com/positions/d0ce78e2-a252-11e6-83b5-3e2bb91e9943","Streamline Studios Sdn Bhd","Bangsar South, Kuala Lumpur"
"Experienced PHP LAMP Stack Software Developer (Full Time)","https://jobs.github.com/positions/1927dd6a-a242-11e6-811d-26276edaed18","Givelify","Dallas, TX"
"Operations Engineer (Network)","https://jobs.github.com/positions/7093ebda-a223-11e6-96dd-9693331e8e8c","Wikimedia Foundation","San Francisco, CA or Remote "
"Resident Data Scientist (Machine Learning / NLP)","https://jobs.github.com/positions/a1bef7da-a215-11e6-8c55-296ecce5679a","ClearAccessIP","Palo Alto"
".NET Web Developer","https://jobs.github.com/positions/ea8b6738-a20f-11e6-8407-9c1a0b004848","Integral Analytics","Cincinnati"
"Java Developer","https://jobs.github.com/positions/c856f9d4-a20f-11e6-91d1-180a44df3def","Pegasus Solutions","Scottsdale, AZ"
"GE Power","https://jobs.github.com/positions/c3d8e3ac-a207-11e6-947b-6e851d0a9546","GE Power","Atlanta, Georgia"
"Full Stack Engineer (RoR, React.js, Redux.js)","https://jobs.github.com/positions/454cdf08-a206-11e6-8b5c-7f58389773f9","UnLocked.co","Washington, D.C."
"Software Engineer","https://jobs.github.com/positions/48b9b320-a204-11e6-8521-8ca2dcaf83ce","Numerica Corporation","Fort Collins, CO"
"Senior Ruby on Rails Developer","https://jobs.github.com/positions/7707cf44-8992-11e6-814c-5ed793c8ad5e","Trakstar","Seattle"
"Frontend Developer","https://jobs.github.com/positions/40d26ff2-f5b7-11e5-820c-06bd96443bb3","Lingoda GmbH","Berlin"
"Frontend Developer (m/f)","https://jobs.github.com/positions/3813833c-a120-11e6-8806-11e81e285a5b","GoVios GmbH","Hamburg"
"Director of Infrastructure Services","https://jobs.github.com/positions/94d46572-a108-11e6-8ad5-9f1c1adf1aa0","Dartmouth College"," Hanover, NH, USA 03755"
"Software Developer, Android, Scala","https://jobs.github.com/positions/7089f90c-a0e5-11e6-9033-07bbbe1f5479","Wire (Zeta Project Germany GmbH)","Berlin, Germany"
"Senior Developer, Application Framework (Multiple Openings)","https://jobs.github.com/positions/a85b51fc-a098-11e6-9ce5-9da65a39ffec","ServiceMax","Pleasanton, CA"
"Senior DevOps Engineer ","https://jobs.github.com/positions/e69172a8-a07f-11e6-8d1b-16196a7d9906","Fox Sports Digital","Playa Vista, CA"
"Senior Software Engineer - Full Stack","https://jobs.github.com/positions/33ade6e8-a076-11e6-9e74-edff8b2ac6d6","FiveStars","San Francisco"
"Senior Software Engineer - Infrastructure ","https://jobs.github.com/positions/74e96246-a075-11e6-90ff-7de2d8f60044","FiveStars","San Francisco"
"Senior Software Engineer - Mobile (Native iOS)","https://jobs.github.com/positions/e291c0c8-a074-11e6-998e-354dc8053240","FiveStars","San Francisco"
"Mobile Developer","https://jobs.github.com/positions/46159098-a061-11e6-9f61-122ed95c0f2a","William O'Neil + Co.","Los Angeles"
"Software Developer","https://jobs.github.com/positions/e44c581e-9b75-11e6-9c00-35a5eeb8cf01","collectAI GmbH","Hamburg"
"Content Localization Coordinator","https://jobs.github.com/positions/ff2e81ac-a052-11e6-9479-2db3b2bcd43b","GitHub","North America (Remote)"
"Senior Software Engineer","https://jobs.github.com/positions/b9e3b4e0-a03f-11e6-9c8a-e3c5e95528fc","Gro Intelligence","New York, NY, US"
"DevOps Engineers","https://jobs.github.com/positions/7639dd88-a01b-11e6-9539-4f1e46d081ca","KCOM","London or Ipswich"
"SysOps Engineers","https://jobs.github.com/positions/0685e4a0-a01b-11e6-9823-342e07ed98ce","KCOM","London or Ipswich"
"Technical Recruiter","https://jobs.github.com/positions/426d81e8-9f95-11e6-90e4-e29320f4f87d","Stevens Capital Management LP","Radnor, PA. USA"
"Director of Engineering - Mobile Applications","https://jobs.github.com/positions/598a2310-9f89-11e6-9941-d430e3564d5f","EatStreet","Madison, WI "
"Senior Software Engineer - Web, iOS, or Android","https://jobs.github.com/positions/b48fb10a-9f87-11e6-919a-08f7071bccbf","EatStreet","Madison, WI "
"Software Developer (Functional Programming)","https://jobs.github.com/positions/0a9333c4-71da-11e0-9ac7-692793c00b45","Jane Street","New York, NY; London, UK; Hong Kong"
"Application Developer, Desktop","https://jobs.github.com/positions/213bd9c2-6edd-11e6-825c-02fb5d280d2f","GitHub","Remote"
"C++ Software Developer with Juce Experience, Full Time","https://jobs.github.com/positions/1ae5c8ee-9e30-11e6-99a9-e967bfe43671","AudioWorks","Toronto"
"Senior Software Engineer, Windows","https://jobs.github.com/positions/8367d29e-9e18-11e6-8a3b-59fa4b586f06","Suitable Technologies, Inc.","Palo Alto, CA"
"Application Developer: Editor Tools","https://jobs.github.com/positions/066c4fce-6e28-11e6-8d28-94d2f65f84a9","GitHub","Remote"
"Web Support Accounts Manager-Europe (Remote)","https://jobs.github.com/positions/472839d2-8427-11e6-9edc-a5d8fedec137","GitHub","Europe (Remote)"
"Web Support Accounts Manager - Asia Pacific (Remote)","https://jobs.github.com/positions/dc9bfa3c-8425-11e6-80f7-4084d4b4c57b","GitHub","Asia Pacific (Remote)"
"Web Developer","https://jobs.github.com/positions/bfe8b26e-9bd0-11e6-9ad3-31205642288c","BISTel","Santa Clara, CA"
"Backend Engineer","https://jobs.github.com/positions/3795f78c-9b94-11e6-9777-3609e090a8eb","Betterment","New York City"
"Sr. Software Developer","https://jobs.github.com/positions/f8f70c18-9b6c-11e6-80dd-acb9f332dcaf","Paf","Helsinki, Finland"
"Application Engineer: Atom","https://jobs.github.com/positions/7a4f0e24-6ae8-11e6-8e27-b8bdf594908d","GitHub","San Francisco or Remote "
"Frontend Developer - Product Growth","https://jobs.github.com/positions/5658b2b4-9ad5-11e6-8aaa-07b1a2d1e1a3","Contentful GmbH","Berlin"
"Community Manager (North America)","https://jobs.github.com/positions/2fb8aae8-9ad4-11e6-9848-b44b73cf09cd","GitHub","North America (Remote)"
"Systemutvecklare till Orio!","https://jobs.github.com/positions/3d0faca6-9ac9-11e6-8431-9b63d8690f61","Orio","Trollhättan"
"Migrationsverket söker databasutvecklare till enheten för IT-utveckling gemensam","https://jobs.github.com/positions/f3570732-9ac6-11e6-9707-87c90f78abb7","Migrationsverket","Norrköping"
"Software Escalation Developer","https://jobs.github.com/positions/5c4e8174-9abe-11e6-9d68-47be72f82134","Nexsan","Dorval, Quebec, CA"
"JavaScript Engineer ","https://jobs.github.com/positions/10ae9a48-9aae-11e6-91e7-e4e863c6ea3b","ALGOLIA","Paris"
"Medior/Senior PHP Developer","https://jobs.github.com/positions/20cf7fbc-9a88-11e6-8a67-98cb11c0e402","IDG Nederland","Amsterdam, Netherlands"
"Lead Developer","https://jobs.github.com/positions/b6de0ae0-99f8-11e6-9a0e-38fda0fb4a84","Anonymous","NYC"
"Senior/Medior OutSystems Developer","https://jobs.github.com/positions/b65b26d8-99f4-11e6-9984-ba6aa3548e43","Vopak","Rotterdam"
"Android Developer ","https://jobs.github.com/positions/1706cf18-99e7-11e6-8ce1-467544788dc8","Life Fitness","Rosemont, Illinois "
"SYSTEMUTVECKLARE TELEMATICS TILL NYTÄNKANDE TOYOTA MATERIAL HANDLING EUROPE","https://jobs.github.com/positions/53c766e4-9931-11e6-9bba-ebcebad2ca2a","Toyota Material Handling Europe","Göteborg Lindholmen"
"Software Engineer – Web & Mobile Development","https://jobs.github.com/positions/e1f8ed96-9884-11e6-8a25-6ccac436a15b","GoInterpay","Remote"
"Senior JavaScript Engineer","https://jobs.github.com/positions/4dfece3c-97c4-11e6-97f0-6745f96d2097","PBS","Washington,DC"
"Full Stack Web Developer - Mid-Senior Level","https://jobs.github.com/positions/e905998c-97bb-11e6-8c00-789144ea76d1","The Orvis Company","Sunderland, Vermont"
"Mobile Engineer (Android)","https://jobs.github.com/positions/dbfc02f2-fd77-11e3-9627-a101934ea25e","Sharethrough","San Francisco "
"Machine Learning Scientist","https://jobs.github.com/positions/be653930-9707-11e6-8e88-df69e1bb1988","Affectiva","Waltham, MA"
"Lead Developer/Developer","https://jobs.github.com/positions/e26882be-96fe-11e6-982c-33f4edc5861f","Confidential","Boston, MA"
"Software Engineering Director, Graphics Developer Tools","https://jobs.github.com/positions/4571fc32-96dc-11e6-8dab-b2edd55a8a97","NVIDIA","US, CA, Santa Clara"
"Developer Frontend / Backend","https://jobs.github.com/positions/efbec9c8-96cc-11e6-9354-dfa881805366","BinckBank","Amsterdam"
"Software Engineer with focus on Full Stack Development - Senior","https://jobs.github.com/positions/5c121520-96bf-11e6-80cf-5b9c342cd741","Wikimedia Deutschland e.V.","Berlin "
"Engineers and Scientists","https://jobs.github.com/positions/735fe41a-96b9-11e6-8f36-f7586b67291b","EPO","Rijswijk The Netherlands"
"Node Developer","https://jobs.github.com/positions/f9775828-96a8-11e6-8651-be7e2cca90b4","Livingdocs","Zurich, Switzerland"
"Technical Director, Software Development Team","https://jobs.github.com/positions/c701c06a-964c-11e6-8d2e-998f52279cd3","Marmoset","Portland, OR "
"iOS Engineer @ Tubi TV","https://jobs.github.com/positions/4b84b05a-964c-11e6-9c33-09b7660aaae7","The Sourcery","San Francisco, CA"
"Python Developer","https://jobs.github.com/positions/dba17f54-962b-11e6-82f5-a81b833e108a","Leadpages","Minneapolis, MN"
"Senior Backend SW Engineer","https://jobs.github.com/positions/581d5e5e-95f0-11e6-9261-9fa23c350f0c","Nexsan","CAMPBELL, CA, US"
"Mobile App Developer","https://jobs.github.com/positions/73c69140-95b2-11e6-899e-b10ea4ad61bf","mPort","Sydney, Australia"
"Enterprise Support Engineer- North America (Remote)","https://jobs.github.com/positions/1b374b4c-9589-11e6-9143-deaf115b5e08","GitHub","North America (Remote)"
"Web Developer (LAMP/Full Stack)","https://jobs.github.com/positions/417a7200-956d-11e6-996c-95bf4428948f","Worksite Safety Compliance Centre","Hamilton, Ontario"
"Web Engineer","https://jobs.github.com/positions/4a2b16b2-9562-11e6-8dac-ad30c5b083d0","OmniTI Computer Consulting, Inc.","Remote within the United States"
"Wordpress Engineer","https://jobs.github.com/positions/6f738ae8-9545-11e6-88bb-e349de6be90d","Strathcom Media Inc.","Edmonton"
"Senior Web Developer - SEO Platform (m/f)","https://jobs.github.com/positions/e230cc20-9541-11e6-8890-e6ece7f504fd","CarRentals.com","Hamburg, Germany"
"Software Developer / Data Engineer","https://jobs.github.com/positions/8bd809ae-9525-11e6-9644-f1bc7f9e780a","KNMP Holding B.V.","Den Haag"
"Senior/Staff Software Engineering @ LendingHome","https://jobs.github.com/positions/99065662-94d5-11e6-8452-10aae398d23b","LendingHome","San Francisco, CA"
"Software Engineer","https://jobs.github.com/positions/8c1cfe14-94c2-11e6-83b2-744907da3b81","Bloc","San Francisco"
"Senior Software Engineer","https://jobs.github.com/positions/35a9dee6-9498-11e6-8cd7-50c5361e57c1","Metamason","Los Angeles, CA"
"DevOps Engineer","https://jobs.github.com/positions/bf752d98-948d-11e6-8db6-06f08cf1bedb","Rally Health","Chicago, IL"
"Principal Software Engineer, Mobile","https://jobs.github.com/positions/025ac20e-948d-11e6-8a33-87c6cddbf60a","Rally Health","San Francisco, CA"
"Senior Backend Software Engineer, Rally Core","https://jobs.github.com/positions/8be1b808-948c-11e6-827a-704ed8036121","Rally Health","San Francisco, CA, Chicago, IL"
"Senior Full Stack Software Engineer","https://jobs.github.com/positions/2f06ff3a-948c-11e6-9685-d20ab967c249","Rally Health","San Francisco, CA, Chicago, IL"
"DevOps Engineer","https://jobs.github.com/positions/49d3d4a6-948b-11e6-85b8-df1e24edb6f3","Rally Health","San Francisco, CA, Chicago, IL"
"Software Engineer in Test (SEiT)","https://jobs.github.com/positions/067c9788-948b-11e6-94d5-3839b1f7aeb8","Rally Health","San Francisco, CA"
"Senior iOS Engineer","https://jobs.github.com/positions/b244f354-948a-11e6-827c-2253b130d742","SmugMug","Mountain View, Ca"
"Experienced Backend Engineer","https://jobs.github.com/positions/2426ebf6-e641-11e5-8030-461e4e18f3ad","Citrusbyte","Remote"
"Execution Developer","https://jobs.github.com/positions/88ba13d2-9478-11e6-9003-5b891a89d8b5","Stevens Capital Management LP","Radnor, PA. USA"
"Senior Backend Developer (PHP)","https://jobs.github.com/positions/5bbed65c-9472-11e6-9195-1bbe84df1fd2","VONQ","Amsterdam or Rotterdam"
"Lead PHP Engineer","https://jobs.github.com/positions/66ef8ce4-946b-11e6-9324-b307ae72ab81","Frame 25","London"
"Full Stack Engineer","https://jobs.github.com/positions/180a1f84-9274-11e6-95c9-9a48662d1572","Noom","New York, NY"
"CTO Mobile Ad Network","https://jobs.github.com/positions/4f0531ae-9265-11e6-9b6e-cd45403bef14","Motive Interactive","San Diego, CA, US"
"Full Stack Developer","https://jobs.github.com/positions/2e72ddae-9262-11e6-9bad-8c493a525ee8","Motive Interactive","San Diego, CA, US"
"Front-end developer","https://jobs.github.com/positions/47ede8ec-9207-11e6-9251-d3da2c53a0aa","Nerdalize","Delft"
"Front-End Developer","https://jobs.github.com/positions/6c13c802-9204-11e6-8d1b-6883d57a4814","Van Lanschot Bankiers","Amsterdam / Den Bosch"
"UI Engineer","https://jobs.github.com/positions/3e4c5a1c-9202-11e6-895b-80c9a43ce779","Delighted","Palo Alto"
"Cloud Operations Engineer","https://jobs.github.com/positions/e32e2080-9200-11e6-98fa-aeebc86732c9","Unit4","Wroclaw, Poland"
"1 x Node.js Engineer / 1 x Android Lead / 1 x UX/UI Lead","https://jobs.github.com/positions/77c61b3a-91f7-11e6-923a-bbef9c460c4f","Echo (backed by 3 lead VCs)","London"
"Software Engineer","https://jobs.github.com/positions/2de13c80-91a6-11e6-8d9d-796b882c1bac","Delighted","Palo Alto, CA (or remote)"
"Technical Support","https://jobs.github.com/positions/fad20200-9198-11e6-9503-bb3a41d40c7a","GitHub","North America (Remote)"
"Principal Software Engineer","https://jobs.github.com/positions/584a4248-9181-11e6-9c2a-a054ba8f57ca","Harvard Medical School","Boston, Massachusetts"
"Support Tools Application Engineer","https://jobs.github.com/positions/7d219d52-917f-11e6-9c29-71aa2d4a94c6","GitHub","United States "
"Software Architect","https://jobs.github.com/positions/7bbfeffa-9151-11e6-8415-dc63871964c8","Van Lanschot Bankiers","Amsterdam / Den Bosch"
"Chief Technology Officer","https://jobs.github.com/positions/d9e9f7b2-914f-11e6-8dfb-bf85356a54df","Simplero","New York"
"Software Engineer (backend and API)","https://jobs.github.com/positions/74def2f2-9148-11e6-9278-581813ec12af","Gandi.net","Paris 75013 France"
"Senior Frontend Developer","https://jobs.github.com/positions/0cd2f3aa-9127-11e6-80a7-ba0fc907dd8a","VONQ","Amsterdam or Rotterdam"
"Software Engineer","https://jobs.github.com/positions/8f17ceda-90cd-11e6-9424-48490c2a4e3e","Progressly","Redwood City, CA "
"Senior Ruby on Rails Developer","https://jobs.github.com/positions/c8c70db6-90ce-11e6-82cf-df239fbac223","FlexJobs","Remote - U.S. Based"
"Principal Engineer","https://jobs.github.com/positions/14ce2c52-9099-11e6-8d84-08a17554baaa","SecurityScorecard","New York, NY, US"
"Senior Software Engineer","https://jobs.github.com/positions/6aca0bb8-9098-11e6-9c51-17bfcdd6d183","SecurityScorecard","New York, NY, US"