"Position","URL","Company","Location"
"Engineering Manager","https://jobs.github.com/positions/fd499b1a-54e9-11e6-82dd-a6dba86e1903","NationBuilder","Los Angeles"
"Senior Software Engineer","https://jobs.github.com/positions/b0b6cbd6-54eb-11e6-92e1-da56d3cb2351","NationBuilder","Los Angeles"
"Senior Mobile Developer ","https://jobs.github.com/positions/e3e06f98-a776-11e6-9052-959cecc9f916","WayBetter Inc.","New York City"
"Database Infrastructure Engineer - Elasticsearch","https://jobs.github.com/positions/9c2e79d0-794d-11e6-88c2-c326e04521d1","GitHub","Remote"
"Senior Software Engineer - Ruby (m/f)","https://jobs.github.com/positions/006db11c-a50a-11e6-805b-c8e08eb851b4","foodora","Berlin, Germany"
"Full-Stack Engineer (C#, ASP.NET MVC and React)","https://jobs.github.com/positions/a0389ac2-39df-11e6-9bb0-7b3faa3729cc","Kaggle","San Francisco or Remote"
"Enterprise Support Engineer (Asia Pacific)","https://jobs.github.com/positions/0b03ac5e-0293-11e6-93a0-2c8e0bfc8518","GitHub","Asia Pacific (Remote)"
"Senior Ruby on Rails Developer","https://jobs.github.com/positions/7707cf44-8992-11e6-814c-5ed793c8ad5e","Trakstar","Seattle"
"Frontend Developer (m/f)","https://jobs.github.com/positions/3813833c-a120-11e6-8806-11e81e285a5b","GoVios GmbH","Hamburg"
"Content Localization Coordinator","https://jobs.github.com/positions/ff2e81ac-a052-11e6-9479-2db3b2bcd43b","GitHub","North America (Remote)"
"Application Developer, Desktop","https://jobs.github.com/positions/213bd9c2-6edd-11e6-825c-02fb5d280d2f","GitHub","Remote"
"Application Developer: Editor Tools","https://jobs.github.com/positions/066c4fce-6e28-11e6-8d28-94d2f65f84a9","GitHub","Remote"
"Web Support Accounts Manager-Europe (Remote)","https://jobs.github.com/positions/472839d2-8427-11e6-9edc-a5d8fedec137","GitHub","Europe (Remote)"
"Web Support Accounts Manager - Asia Pacific (Remote)","https://jobs.github.com/positions/dc9bfa3c-8425-11e6-80f7-4084d4b4c57b","GitHub","Asia Pacific (Remote)"
"Application Engineer: Atom","https://jobs.github.com/positions/7a4f0e24-6ae8-11e6-8e27-b8bdf594908d","GitHub","San Francisco or Remote "
"Community Manager (North America)","https://jobs.github.com/positions/2fb8aae8-9ad4-11e6-9848-b44b73cf09cd","GitHub","North America (Remote)"
"JavaScript Engineer ","https://jobs.github.com/positions/10ae9a48-9aae-11e6-91e7-e4e863c6ea3b","ALGOLIA","Paris"
"Enterprise Support Engineer- North America (Remote)","https://jobs.github.com/positions/1b374b4c-9589-11e6-9143-deaf115b5e08","GitHub","North America (Remote)"
"Web Engineer","https://jobs.github.com/positions/4a2b16b2-9562-11e6-8dac-ad30c5b083d0","OmniTI Computer Consulting, Inc.","Remote within the United States"
"Senior iOS Engineer","https://jobs.github.com/positions/b244f354-948a-11e6-827c-2253b130d742","SmugMug","Mountain View, Ca"
"1 x Node.js Engineer / 1 x Android Lead / 1 x UX/UI Lead","https://jobs.github.com/positions/77c61b3a-91f7-11e6-923a-bbef9c460c4f","Echo (backed by 3 lead VCs)","London"
"Software Engineer","https://jobs.github.com/positions/2de13c80-91a6-11e6-8d9d-796b882c1bac","Delighted","Palo Alto, CA (or remote)"
"Technical Support","https://jobs.github.com/positions/fad20200-9198-11e6-9503-bb3a41d40c7a","GitHub","North America (Remote)"
"Principal Software Engineer","https://jobs.github.com/positions/584a4248-9181-11e6-9c2a-a054ba8f57ca","Harvard Medical School","Boston, Massachusetts"
"Support Tools Application Engineer","https://jobs.github.com/positions/7d219d52-917f-11e6-9c29-71aa2d4a94c6","GitHub","United States "
"Software Engineer (backend and API)","https://jobs.github.com/positions/74def2f2-9148-11e6-9278-581813ec12af","Gandi.net","Paris 75013 France"